timestamp,json.result,json.destination_asset
1689764033843,FAILED_ACCOUNT_LOCKED,eisf039.eisf.co.ae
1689764033843,FAILED_ACCOUNT_LOCKED,eisf039.eisf.co.ae
1689764033843,FAILED_ACCOUNT_LOCKED,eisf039.eisf.co.ae
1689764078801,FAILED_ACCOUNT_LOCKED,eisf039.eisf.co.ae
1689764078801,FAILED_ACCOUNT_LOCKED,eisf039.eisf.co.ae
1689764078801,FAILED_ACCOUNT_LOCKED,eisf039.eisf.co.ae
1689764103575,FAILED_ACCOUNT_LOCKED,eisf039.eisf.co.ae
1689764103575,FAILED_ACCOUNT_LOCKED,eisf039.eisf.co.ae
1689764103575,FAILED_ACCOUNT_LOCKED,eisf039.eisf.co.ae
1689764121140,FAILED_ACCOUNT_LOCKED,eisf039.eisf.co.ae
1689764121140,FAILED_ACCOUNT_LOCKED,eisf039.eisf.co.ae
1689764121140,FAILED_ACCOUNT_LOCKED,eisf039.eisf.co.ae
1689764134376,FAILED_ACCOUNT_LOCKED,eisf039.eisf.co.ae
1689764134376,FAILED_ACCOUNT_LOCKED,eisf039.eisf.co.ae
1689764134376,FAILED_ACCOUNT_LOCKED,eisf039.eisf.co.ae
1689764166962,FAILED_ACCOUNT_LOCKED,eisf039.eisf.co.ae
1689764166962,FAILED_ACCOUNT_LOCKED,eisf039.eisf.co.ae
1689764166962,FAILED_ACCOUNT_LOCKED,eisf039.eisf.co.ae
1689764197746,FAILED_ACCOUNT_LOCKED,eisf039.eisf.co.ae
1689764197746,FAILED_ACCOUNT_LOCKED,eisf039.eisf.co.ae
1689764197746,FAILED_ACCOUNT_LOCKED,eisf039.eisf.co.ae
1689764223846,FAILED_ACCOUNT_LOCKED,eisf039.eisf.co.ae
1689764223846,FAILED_ACCOUNT_LOCKED,eisf039.eisf.co.ae
1689764223846,FAILED_ACCOUNT_LOCKED,eisf039.eisf.co.ae
1689764234226,FAILED_ACCOUNT_LOCKED,eisf039.eisf.co.ae
1689764234226,FAILED_ACCOUNT_LOCKED,eisf039.eisf.co.ae
1689764234226,FAILED_ACCOUNT_LOCKED,eisf039.eisf.co.ae
1689764259878,FAILED_ACCOUNT_LOCKED,eisf039.eisf.co.ae
1689764259878,FAILED_ACCOUNT_LOCKED,eisf039.eisf.co.ae
1689764259878,FAILED_ACCOUNT_LOCKED,eisf039.eisf.co.ae
1689764292501,FAILED_ACCOUNT_LOCKED,eisf039.eisf.co.ae
1689764292501,FAILED_ACCOUNT_LOCKED,eisf039.eisf.co.ae
1689764292501,FAILED_ACCOUNT_LOCKED,eisf039.eisf.co.ae
1689764338222,FAILED_ACCOUNT_LOCKED,eisf039.eisf.co.ae
1689764338222,FAILED_ACCOUNT_LOCKED,eisf039.eisf.co.ae
1689764338222,FAILED_ACCOUNT_LOCKED,eisf039.eisf.co.ae
1689764340040,FAILED_ACCOUNT_LOCKED,eisf039.eisf.co.ae
1689764340040,FAILED_ACCOUNT_LOCKED,eisf039.eisf.co.ae
1689764340040,FAILED_ACCOUNT_LOCKED,eisf039.eisf.co.ae
1689764358466,FAILED_ACCOUNT_LOCKED,eisf039.eisf.co.ae
1689764358466,FAILED_ACCOUNT_LOCKED,eisf039.eisf.co.ae
1689764358466,FAILED_ACCOUNT_LOCKED,eisf039.eisf.co.ae
1689764383316,FAILED_ACCOUNT_LOCKED,eisf039.eisf.co.ae
1689764383316,FAILED_ACCOUNT_LOCKED,eisf039.eisf.co.ae
1689764383316,FAILED_ACCOUNT_LOCKED,eisf039.eisf.co.ae
1689764386953,FAILED_ACCOUNT_LOCKED,eisf039.eisf.co.ae
1689764386953,FAILED_ACCOUNT_LOCKED,eisf039.eisf.co.ae
1689764386953,FAILED_ACCOUNT_LOCKED,eisf039.eisf.co.ae
1689764410876,FAILED_ACCOUNT_LOCKED,eisf039.eisf.co.ae
1689764410876,FAILED_ACCOUNT_LOCKED,eisf039.eisf.co.ae
1689764410876,FAILED_ACCOUNT_LOCKED,eisf039.eisf.co.ae
1689764439480,FAILED_ACCOUNT_LOCKED,eisf039.eisf.co.ae
1689764439480,FAILED_ACCOUNT_LOCKED,eisf039.eisf.co.ae
1689764439480,FAILED_ACCOUNT_LOCKED,eisf039.eisf.co.ae
1689764483586,FAILED_ACCOUNT_LOCKED,eisf039.eisf.co.ae
1689764483586,FAILED_ACCOUNT_LOCKED,eisf039.eisf.co.ae
1689764483586,FAILED_ACCOUNT_LOCKED,eisf039.eisf.co.ae
1689764502481,FAILED_ACCOUNT_LOCKED,eisf039.eisf.co.ae
1689764502481,FAILED_ACCOUNT_LOCKED,eisf039.eisf.co.ae
1689764502481,FAILED_ACCOUNT_LOCKED,eisf039.eisf.co.ae
1689764512373,FAILED_ACCOUNT_LOCKED,eisf039.eisf.co.ae
1689764512373,FAILED_ACCOUNT_LOCKED,eisf039.eisf.co.ae
1689764512373,FAILED_ACCOUNT_LOCKED,eisf039.eisf.co.ae
1689764529100,FAILED_ACCOUNT_LOCKED,eisf039.eisf.co.ae
1689764529100,FAILED_ACCOUNT_LOCKED,eisf039.eisf.co.ae
1689764529100,FAILED_ACCOUNT_LOCKED,eisf039.eisf.co.ae
1689764542928,FAILED_ACCOUNT_LOCKED,eisf039.eisf.co.ae
1689764542928,FAILED_ACCOUNT_LOCKED,eisf039.eisf.co.ae
1689764542928,FAILED_ACCOUNT_LOCKED,eisf039.eisf.co.ae
1689764551312,FAILED_ACCOUNT_LOCKED,eisf039.eisf.co.ae
1689764551312,FAILED_ACCOUNT_LOCKED,eisf039.eisf.co.ae
1689764551312,FAILED_ACCOUNT_LOCKED,eisf039.eisf.co.ae
1689764551312,FAILED_ACCOUNT_LOCKED,eisf039.eisf.co.ae
1689764551312,FAILED_ACCOUNT_LOCKED,eisf039.eisf.co.ae
1689764574258,FAILED_ACCOUNT_LOCKED,eisf039.eisf.co.ae
1689764574258,FAILED_ACCOUNT_LOCKED,eisf039.eisf.co.ae
1689764582360,FAILED_ACCOUNT_LOCKED,eisf039.eisf.co.ae
1689764582360,FAILED_ACCOUNT_LOCKED,eisf039.eisf.co.ae
1689764582360,FAILED_ACCOUNT_LOCKED,eisf039.eisf.co.ae
1689764636468,FAILED_ACCOUNT_LOCKED,eisf039.eisf.co.ae
1689764636468,FAILED_ACCOUNT_LOCKED,eisf039.eisf.co.ae
1689764636468,FAILED_ACCOUNT_LOCKED,eisf039.eisf.co.ae
1689764638259,FAILED_ACCOUNT_LOCKED,eisf039.eisf.co.ae
1689764638259,FAILED_ACCOUNT_LOCKED,eisf039.eisf.co.ae
1689764638259,FAILED_ACCOUNT_LOCKED,eisf039.eisf.co.ae
1689764654960,FAILED_ACCOUNT_LOCKED,eisf039.eisf.co.ae
1689764654960,FAILED_ACCOUNT_LOCKED,eisf039.eisf.co.ae
1689764654960,FAILED_ACCOUNT_LOCKED,eisf039.eisf.co.ae
1689764700677,FAILED_ACCOUNT_LOCKED,eisf039.eisf.co.ae
1689764700677,FAILED_ACCOUNT_LOCKED,eisf039.eisf.co.ae
1689764700677,FAILED_ACCOUNT_LOCKED,eisf039.eisf.co.ae
1689764702638,FAILED_ACCOUNT_LOCKED,eisf039.eisf.co.ae
1689764702638,FAILED_ACCOUNT_LOCKED,eisf039.eisf.co.ae
1689764702638,FAILED_ACCOUNT_LOCKED,eisf039.eisf.co.ae
1689764718311,FAILED_ACCOUNT_LOCKED,eisf039.eisf.co.ae
1689764718311,FAILED_ACCOUNT_LOCKED,eisf039.eisf.co.ae
1689764718311,FAILED_ACCOUNT_LOCKED,eisf039.eisf.co.ae
1689764735440,FAILED_ACCOUNT_LOCKED,eisf039.eisf.co.ae
1689764735440,FAILED_ACCOUNT_LOCKED,eisf039.eisf.co.ae
1689764735440,FAILED_ACCOUNT_LOCKED,eisf039.eisf.co.ae
1689765375078,FAILED_ACCOUNT_LOCKED,eisf-lap706.eisf.co.ae
1689765375078,FAILED_ACCOUNT_LOCKED,eisf-lap706.eisf.co.ae
1689765375078,FAILED_ACCOUNT_LOCKED,eisf-lap706.eisf.co.ae
